{
  "title": "Headphone TWH-CH510",
  "body": "TWH-CH510",
  "sections": [
    {
      "type": "custom-html",
      "html": "<section id=\"cabecalho\">\n  <div id=\"proposta\">\n      <h2 id=\"propostaTitle\">Ouvir música é coisa séria!</h2>\n      <div class=\"cta-container\">\n        <div id=\"propostaSubtitle\">Tenha a melhor qualidade de áudio a seu alcance com o novo TWH-CH510.</div>\n        <button id=\"callToAction\">\n          <a href=\"#\">Quero comprar</a>\n        </button>\n      </div>\n  </div>\n  <img src=\"https://avantree.com/pub/media/amasty/blog/sony_blog_banner.jpg\">\n</section>\n\n<section id=\"beneficios\">\n  <h3>Qualidade sonora aonde você for</h3>\n\n  <p>O novo TWH-CH510 oferece graves potentes e ótimo isolamento acústico. Ideal para o seu dia a dia!</p>\n\n  <h3>Bluetooth de última geração</h3>\n\n  <p>Com a versão bluetooth 5.0 você poderá obter velocidades de transmissão de até 2,2 Mbps de dados.</p>\n\n  <h3>Ouça em mais de um dispositivo</h3>\n\n  <p>Com o seu modo duplo você terá a capacidade de reproduzir áudio ao mesmo tempo em dois dispositivos diferentes.</p>\n\n</section>\n\n<section id=\"ctaContainer\">\n  <a href=#>Saiba mais</a>\n  <button id=\"callToAction\">\n    <a href=\"#\">Compre Agora</a>\n  </button>\n</section>\n<section id=\"provaSocial\">\n  <span>\n    Eleito pelos produtores musicais do portal Sound Big como melhor custo-benefício do mercado.\n    <a href=\"#\">Saiba mais.</a>\n  </span>\n</section>\n"
    },
    {
      "type": "banner-slider",
      "autoplay": 9000,
      "full_width": true,
      "slides": [
        {
          "start": "2022-07-21T14:37:37.791Z",
          "end": "2022-08-11T20:01:50.589Z",
          "img": "/img/uploads/rect89.png",
          "mobile_img": ""
        },
        {
          "start": "2022-05-27T20:02:28.100Z",
          "end": "2022-08-11T20:02:28.183Z",
          "img": "/img/uploads/sony_blog_banner.jpg",
          "mobile_img": ""
        }
      ]
    }
  ]
}