{
  "pkg": "@ecomplus/widget-tag-manager",
  "active": true,
  "desktopOnly": false,
  "enableCheckout": true,
  "options": {
    "gtmContainerId": "<!-- Google tag (gtag.js) --> <script async src=\"https://www.googletagmanager.com/gtag/js?id=G-03DD3P3Z6J\"></script> <script>   window.dataLayer = window.dataLayer || [];   function gtag(){dataLayer.push(arguments);}   gtag('js', new Date());    gtag('config', 'G-03DD3P3Z6J');  console.log('test g tag')</script>",
    "dataLayerVar": "dataLayer",
    "partytown": false
  },
  "headAppend": "src/append/head",
  "bodyAppend": "src/append/body"
}